{"cameraMode":{"drawMode":0,"name":"Shaded","section":"Shading Mode"},"sceneLighting":false,"audioPlay":false,"sceneViewState":{"showFog":true,"showMaterialUpdate":false,"showSkybox":false,"showFlares":true,"showImageEffects":true,"showParticleSystems":true},"in2DMode":false,"pivot":{"x":8.166479110717774,"y":2.929950475692749,"z":43.60789108276367},"rotation":{"x":-0.04736414551734924,"y":0.8601377606391907,"z":-0.08126562088727951,"w":-0.5013151168823242},"size":1.394395351409912,"orthographic":false}